{
    "num_pages": 3,
    "pages": {
        "1": {
            "num_tables": 5,
            "tables": {
                "1": {
                    "bottom": 0.5606557669441141,
                    "left": 0.07484873949579832,
                    "right": 0.9093411764705882,
                    "top": 0.5239244946492272
                },
                "2": {
                    "bottom": 0.6233834720570748,
                    "left": 0.07484873949579832,
                    "right": 0.9093411764705882,
                    "top": 0.5866521997621879
                },
                "3": {
                    "bottom": 0.6715689655172414,
                    "left": 0.07484873949579832,
                    "right": 0.9093411764705882,
                    "top": 0.6348376932223543
                },
                "4": {
                    "bottom": 0.7633799048751485,
                    "left": 0.07484873949579832,
                    "right": 0.9093411764705882,
                    "top": 0.7266486325802617
                },
                "5": {
                    "bottom": 0.8406486325802616,
                    "left": 0.07484873949579832,
                    "right": 0.9093411764705882,
                    "top": 0.8039173602853745
                }
            }
        },
        "2": {
            "num_tables": 10,
            "tables": {
                "1": {
                    "bottom": 0.08152140309155759,
                    "left": 0.07484739495798322,
                    "right": 0.9093442016806724,
                    "top": 0.04480796670630202
                },
                "2": {
                    "bottom": 0.14423959571938175,
                    "left": 0.07484739495798322,
                    "right": 0.9093442016806724,
                    "top": 0.10750951248513671
                },
                "3": {
                    "bottom": 0.2215095124851367,
                    "left": 0.07484739495798322,
                    "right": 0.9093442016806724,
                    "top": 0.18477824019024974
                },
                "4": {
                    "bottom": 0.2987782401902497,
                    "left": 0.07484739495798322,
                    "right": 0.9093442016806724,
                    "top": 0.2620469678953627
                },
                "5": {
                    "bottom": 0.3760469678953627,
                    "left": 0.07484739495798322,
                    "right": 0.9093442016806724,
                    "top": 0.33931569560047564
                },
                "6": {
                    "bottom": 0.4242324613555291,
                    "left": 0.07484739495798322,
                    "right": 0.9093442016806724,
                    "top": 0.38750118906064207
                },
                "7": {
                    "bottom": 0.4724179548156955,
                    "left": 0.07484739495798322,
                    "right": 0.9093442016806724,
                    "top": 0.43568668252080855
                },
                "8": {
                    "bottom": 0.6078543400713435,
                    "left": 0.07484739495798322,
                    "right": 0.9093442016806724,
                    "top": 0.5711230677764567
                },
                "9": {
                    "bottom": 0.6851230677764566,
                    "left": 0.07484739495798322,
                    "right": 0.9093442016806724,
                    "top": 0.6483917954815698
                },
                "10": {
                    "bottom": 0.7478495838287753,
                    "left": 0.07484739495798322,
                    "right": 0.9093442016806724,
                    "top": 0.7111195005945304
                }
            }
        },
        "3": {
            "num_tables": 0,
            "tables": {}
        }
    }
}