{
    "num_pages": 3,
    "pages": {
        "1": {
            "num_tables": 5,
            "tables": {
                "1": {
                    "x1": 0.07484873949579832,
                    "x2": 0.9093411764705882,
                    "y1": 0.5239244946492272,
                    "y2": 0.5606557669441141
                },
                "2": {
                    "x1": 0.07484873949579832,
                    "x2": 0.9093411764705882,
                    "y1": 0.5866521997621879,
                    "y2": 0.6233834720570748
                },
                "3": {
                    "x1": 0.07484873949579832,
                    "x2": 0.9093411764705882,
                    "y1": 0.6348376932223543,
                    "y2": 0.6715689655172414
                },
                "4": {
                    "x1": 0.07484873949579832,
                    "x2": 0.9093411764705882,
                    "y1": 0.7266486325802617,
                    "y2": 0.7633799048751485
                },
                "5": {
                    "x1": 0.07484873949579832,
                    "x2": 0.9093411764705882,
                    "y1": 0.8039173602853745,
                    "y2": 0.8406486325802616
                }
            }
        },
        "2": {
            "num_tables": 10,
            "tables": {
                "1": {
                    "x1": 0.07484739495798322,
                    "x2": 0.9093442016806724,
                    "y1": 0.04480796670630202,
                    "y2": 0.08152140309155759
                },
                "2": {
                    "x1": 0.07484739495798322,
                    "x2": 0.9093442016806724,
                    "y1": 0.10750951248513671,
                    "y2": 0.14423959571938175
                },
                "3": {
                    "x1": 0.07484739495798322,
                    "x2": 0.9093442016806724,
                    "y1": 0.18477824019024974,
                    "y2": 0.2215095124851367
                },
                "4": {
                    "x1": 0.07484739495798322,
                    "x2": 0.9093442016806724,
                    "y1": 0.2620469678953627,
                    "y2": 0.2987782401902497
                },
                "5": {
                    "x1": 0.07484739495798322,
                    "x2": 0.9093442016806724,
                    "y1": 0.33931569560047564,
                    "y2": 0.3760469678953627
                },
                "6": {
                    "x1": 0.07484739495798322,
                    "x2": 0.9093442016806724,
                    "y1": 0.38750118906064207,
                    "y2": 0.4242324613555291
                },
                "7": {
                    "x1": 0.07484739495798322,
                    "x2": 0.9093442016806724,
                    "y1": 0.43568668252080855,
                    "y2": 0.4724179548156955
                },
                "8": {
                    "x1": 0.07484739495798322,
                    "x2": 0.9093442016806724,
                    "y1": 0.5711230677764567,
                    "y2": 0.6078543400713435
                },
                "9": {
                    "x1": 0.07484739495798322,
                    "x2": 0.9093442016806724,
                    "y1": 0.6483917954815698,
                    "y2": 0.6851230677764566
                },
                "10": {
                    "x1": 0.07484739495798322,
                    "x2": 0.9093442016806724,
                    "y1": 0.7111195005945304,
                    "y2": 0.7478495838287753
                }
            }
        },
        "3": {
            "num_tables": 0,
            "tables": {}
        }
    }
}